City,Lat,Lng,Max Temps,Humidity,Cloudiness,Wind Speed,Country,Date
bethel,41.3712,-73.414,57.2,24,1,4.38,us,1619915022
busselton,-33.65,115.3333,55.99,99,5,3.49,au,1619914992
muyezerskiy,63.9333,31.65,26.91,78,38,9.19,ru,1619915088
rikitea,-23.1203,-134.9692,75.67,80,93,8.52,pf,1619915020
thompson,55.7435,-97.8558,23.0,86,90,9.22,ca,1619915090
ostersund,63.1792,14.6357,30.2,80,47,5.75,se,1619915092
ilulissat,69.2167,-51.1,42.8,49,14,11.5,gl,1619915093
egvekinot,66.3167,-179.1667,19.22,67,100,2.35,ru,1619915095
ushuaia,-54.8,-68.3,37.4,81,75,5.75,ar,1619914990
punta arenas,-53.15,-70.9167,41.0,87,40,6.91,cl,1619914973
gravdal,68.1214,13.5031,34.39,63,100,7.0,no,1619915099
hermanus,-34.4187,19.2345,57.99,70,43,9.86,za,1619915002
manokwari,-0.8667,134.0833,81.09,73,100,1.97,id,1619915101
watertown,42.3709,-71.1828,57.0,30,1,8.05,us,1619914866
broome,-17.9667,122.2333,75.2,100,90,4.61,au,1619915104
hamilton,32.2915,-64.778,64.4,55,40,9.22,bm,1619914946
capaccio,40.4244,15.0809,62.01,89,98,4.0,it,1619915107
xapuri,-10.6517,-68.5044,74.84,74,57,1.7,br,1619915108
odweyne,9.4092,45.064,68.97,82,62,1.63,so,1619915111
basco,20.4487,121.9702,80.04,79,44,10.65,ph,1619915113
avarua,-21.2078,-159.775,80.6,78,75,12.66,ck,1619915115
georgetown,-7.9333,-14.4167,79.02,66,87,10.85,sh,1619915116
yellowknife,62.456,-114.3525,34.0,51,20,9.22,ca,1619915118
dalvik,65.9702,-18.5286,32.0,86,90,2.3,is,1619915119
puerto ayora,-0.7393,-90.3518,75.99,91,96,1.99,ec,1619915121
vaini,-21.2,-175.2,78.8,73,40,13.8,to,1619915122
boksitogorsk,59.474,33.8485,28.0,84,54,2.13,ru,1619914928
constitucion,23.9912,-104.6749,80.6,6,1,9.22,mx,1619915125
hobart,-42.8794,147.3294,64.0,59,0,6.91,au,1619915081
harbour breton,47.4833,-55.7983,37.94,97,100,17.34,ca,1619915127
margate,-30.8636,30.3705,62.28,79,4,6.02,za,1619915129
cabedelo,-6.9811,-34.8339,75.2,94,20,3.44,br,1619915130
tuktoyaktuk,69.4541,-133.0374,15.8,86,90,3.44,ca,1619915014
pontianak,-0.0333,109.3333,78.8,94,75,3.44,id,1619915133
atambua,-9.1061,124.8925,76.39,72,98,4.88,id,1619915134
albany,-35.0169,117.8917,57.2,94,90,4.61,au,1619915053
takoradi,4.8845,-1.7554,81.21,83,99,7.29,gh,1619915137
jalu,29.0331,21.5482,85.26,13,0,8.79,ly,1619915140
teguise,29.0605,-13.564,64.4,68,20,8.05,es,1619915141
korla,41.7597,86.1469,64.27,23,77,17.2,cn,1619915143
padang,-0.9492,100.3543,77.0,94,20,2.3,id,1619915042
sao joao da barra,-21.6403,-41.0511,71.74,75,95,10.0,br,1619915145
kungurtug,50.5994,97.5228,33.15,84,100,10.54,ru,1619914926
tasiilaq,65.6145,-37.6368,24.8,93,2,2.37,gl,1619915150
bluff,-46.6,168.3333,59.0,72,60,3.0,nz,1619915040
vezirkopru,41.1436,35.4547,50.0,62,0,4.61,tr,1619915153
acapulco,16.8634,-99.8901,82.4,78,75,11.5,mx,1619915155
pochutla,15.7432,-96.4661,84.99,70,75,11.5,mx,1619915156
castro,-42.4721,-73.7732,52.0,82,0,9.22,cl,1619915157
sosnogorsk,63.6023,53.8817,31.68,83,40,11.03,ru,1619915160
silifke,36.3778,33.9344,74.53,47,75,6.87,tr,1619915162
hilo,19.7297,-155.09,82.4,61,90,13.8,us,1619914998
yerbogachen,61.2767,108.0108,37.04,86,44,4.97,ru,1619915164
kodiak,57.79,-152.4072,46.4,61,90,12.66,us,1619915166
pangnirtung,66.1451,-65.7125,34.75,73,75,6.26,ca,1619915167
camana,-16.6228,-72.7111,66.72,86,58,7.61,pe,1619915169
poum,-20.2333,164.0167,77.72,71,91,6.89,nc,1619915170
atar,20.5169,-13.0499,83.08,19,5,4.25,mr,1619915172
barrow,71.2906,-156.7887,21.2,86,90,10.36,us,1619915142
victoria,-4.6167,55.45,80.6,83,20,3.44,sc,1619914597
kutum,14.2,24.6667,76.96,18,68,10.27,sd,1619915175
geraldton,-28.7667,114.6,55.4,54,72,5.75,au,1619915178
hervey bay,-25.2986,152.8535,75.99,78,75,11.5,au,1619915181
port elizabeth,-33.918,25.5701,51.8,76,0,5.75,za,1619915109
pevek,69.7008,170.3133,15.49,83,77,9.26,ru,1619915183
iroquois falls,48.7669,-80.6831,33.8,100,90,5.75,ca,1619915185
port blair,11.6667,92.75,82.36,75,40,3.18,in,1619915186
nouadhibou,20.931,-17.0347,68.0,68,66,16.11,mr,1619915188
kisangani,0.5167,25.2,68.32,94,90,2.13,cd,1619915029
faanui,-16.4833,-151.75,80.74,66,53,2.86,pf,1619915147
san patricio,19.2167,-104.7,80.6,74,1,13.8,mx,1619915192
omboue,-1.5746,9.2618,78.1,92,87,4.97,ga,1619915193
arraial do cabo,-22.9661,-42.0278,72.99,68,100,12.44,br,1619915195
havelock,34.8791,-76.9013,64.0,60,1,1.01,us,1619915036
east london,-33.0153,27.9116,60.42,66,0,5.48,za,1619915030
kaitangata,-46.2817,169.8464,62.01,53,10,18.99,nz,1619915198
santo angelo,-28.2992,-54.2631,71.6,49,0,4.61,br,1619915200
bredasdorp,-34.5322,20.0403,44.6,87,71,3.44,za,1619915201
saskylakh,71.9167,114.0833,33.01,92,100,1.79,ru,1619915023
wamba,2.1484,27.9947,66.72,99,100,2.04,cd,1619915204
atuona,-9.8,-139.0333,79.39,68,2,6.82,pf,1619915205
tessalit,20.1986,1.0114,86.63,25,24,8.75,ml,1619915208
upernavik,72.7868,-56.1549,23.31,83,8,5.79,gl,1619915210
hithadhoo,-0.6,73.0833,83.77,71,84,4.85,mv,1619915211
kapaa,22.0752,-159.319,80.6,69,40,13.8,us,1619915143
ahipara,-35.1667,173.1667,64.06,52,0,8.32,nz,1619915214
srednekolymsk,67.45,153.6833,28.65,78,10,7.4,ru,1619915215
barberton,-25.7884,31.0532,89.6,100,31,4.61,za,1619915217
torbay,47.6666,-52.7314,41.0,81,90,21.85,ca,1619915033
bol,13.4586,14.7147,83.43,40,15,7.94,td,1619915219
kununurra,-15.7667,128.7333,78.8,65,0,4.61,au,1619915221
zambezi,-13.5432,23.1047,63.64,98,95,3.71,zm,1619915222
nakapiripirit,1.9167,34.7833,67.24,75,60,1.43,ug,1619915224
port alfred,-33.5906,26.891,60.73,65,0,5.79,za,1619915019
chokurdakh,70.6333,147.9167,20.95,87,64,4.41,ru,1619915053
alice springs,-23.7,133.8833,75.2,31,15,6.91,au,1619915200
mount gambier,-37.8333,140.7667,64.4,72,40,14.97,au,1619915229
ribeira grande,38.5167,-28.7,60.58,92,99,13.13,pt,1619915230
baykalsk,51.5058,104.1469,35.58,98,100,5.08,ru,1619915051
vao,-22.6667,167.4833,74.84,66,100,24.76,nc,1619915233
mahebourg,-20.4081,57.7,73.4,94,40,7.63,mu,1619915098
cidreira,-30.1811,-50.2056,69.85,77,0,17.96,br,1619915235
chuy,-33.6971,-53.4616,62.28,91,0,6.85,uy,1619915237
charlestown,17.1333,-62.6167,75.99,88,45,1.01,kn,1619915238
mehamn,71.0357,27.8492,31.05,73,99,15.14,no,1619915240
miles city,46.4083,-105.8406,75.2,19,1,9.22,us,1619915241
carnarvon,-24.8667,113.6333,68.0,64,100,8.05,au,1619915244
leningradskiy,69.3833,178.4167,17.35,90,100,20.24,ru,1619915180
yar-sale,66.8333,70.8333,28.08,96,100,20.71,ru,1619915247
swinoujscie,53.9105,14.2471,44.6,81,40,3.44,pl,1619915248
cape town,-33.9258,18.4232,57.99,87,0,2.3,za,1619915007
comodoro rivadavia,-45.8667,-67.5,57.2,51,0,5.75,ar,1619915253
kyren,51.6828,102.1408,37.04,96,100,2.42,ru,1619915255
cabo san lucas,22.8909,-109.9124,82.0,36,1,12.66,mx,1619915229
provideniya,64.3833,-173.3,27.01,54,47,4.9,ru,1619915043
bambous virieux,-20.3428,57.7575,75.0,94,40,7.31,mu,1619915258
pisco,-13.7,-76.2167,69.8,78,0,4.61,pe,1619915260
khatanga,71.9667,102.5,25.12,92,62,2.98,ru,1619915053
jamestown,-15.9387,-5.7168,69.91,75,28,14.65,sh,1619915263
san jose,16.9833,-89.9,89.04,44,72,8.72,gt,1619915264
senanga,-16.1167,23.2667,68.23,79,78,4.21,zm,1619915265
russell,-35.2613,174.1236,66.99,65,0,5.01,nz,1619915267
keti bandar,24.1447,67.4497,82.26,71,72,11.45,pk,1619915270
luderitz,-26.6481,15.1594,76.35,25,0,20.04,na,1619914999
camacha,33.0833,-16.3333,59.0,67,20,3.44,pt,1619915272
aguilas,37.4063,-1.5829,61.0,47,81,8.01,es,1619915274
alta floresta,-9.8756,-56.0861,73.4,100,40,3.44,br,1619915275
esso,55.9333,158.7,34.84,98,100,5.35,ru,1619915277
changping,40.2186,116.2197,57.2,30,0,6.71,cn,1619915278
lompoc,34.6391,-120.4579,62.01,88,90,21.85,us,1619915279
la orilla,17.9833,-102.2333,81.12,64,99,11.27,mx,1619915123
victor harbor,-35.5667,138.6167,64.99,71,11,13.78,au,1619915282
fallon,39.4735,-118.7774,80.6,5,20,16.11,us,1619915284
ancud,-41.8697,-73.8203,52.0,82,0,9.22,cl,1619915285
aksarka,66.5606,67.7975,32.07,98,100,16.17,ru,1619915286
campos,-21.75,-41.3,67.19,89,100,4.83,br,1619915144
riyadh,24.6877,46.7219,78.8,25,0,5.91,sa,1619914849
aracuai,-16.8497,-42.0703,67.14,71,89,3.42,br,1619915290
zaozerne,45.1582,33.2787,55.0,65,74,5.23,ua,1619915292
new norfolk,-42.7826,147.0587,64.0,65,100,2.39,au,1619915293
lorengau,-2.0226,147.2712,82.72,75,89,1.32,pg,1619915295
buala,-8.145,159.5921,84.07,69,99,1.66,sb,1619915296
prescott,34.54,-112.4685,79.0,10,1,19.57,us,1619915297
zhangjiakou,40.81,114.8794,47.95,20,25,6.49,cn,1619915299
butaritari,3.0707,172.7902,83.1,74,99,10.4,ki,1619915005
vaitape,-16.5167,-151.75,80.73,67,58,2.95,pf,1619915302
izumo,35.3667,132.7667,51.8,82,75,16.11,jp,1619915303
port-gentil,-0.7193,8.7815,80.6,94,40,3.44,ga,1619915182
viedma,-40.8135,-62.9967,64.89,48,100,8.59,ar,1619915306
hami,42.8,93.45,60.37,26,100,17.09,cn,1619915307
mar del plata,-38.0023,-57.5575,60.01,82,20,7.31,ar,1619915110
krasnaya gorbatka,55.8703,41.7641,36.19,84,7,3.85,ru,1619915310
sotuta,20.6,-89.0167,91.76,33,25,8.95,mx,1619915311
auray,47.6703,-2.9918,39.99,87,0,5.75,fr,1619915313
olafsvik,64.8945,-23.7142,35.1,71,66,20.07,is,1619915314
igarka,67.4667,86.5833,23.83,93,86,5.97,ru,1619915316
bay roberts,47.5999,-53.2648,39.99,88,85,5.01,ca,1619915317
kudahuvadhoo,2.6708,72.8944,82.74,68,28,1.36,mv,1619915318
beloha,-25.1667,45.05,68.52,79,99,5.03,mg,1619915034
gizo,-8.103,156.8419,81.05,75,100,3.65,sb,1619915321
khandyga,62.6667,135.6,40.82,79,100,1.01,ru,1619915322
tiksi,71.6872,128.8694,23.63,97,100,3.96,ru,1619915301
wanaka,-44.7,169.15,54.7,43,0,0.74,nz,1619915325
formosa,-26.1775,-58.1781,69.8,83,0,6.91,ar,1619915088
iqaluit,63.7506,-68.5145,37.4,75,75,18.41,ca,1619915328
atasu,48.6814,71.6433,40.33,37,98,9.44,kz,1619915330
castanos,26.7833,-101.4167,80.35,23,57,11.52,mx,1619915332
vanimo,-2.6741,141.3028,84.11,70,62,3.65,pg,1619915333
tiarei,-17.5333,-149.3333,87.8,62,20,8.05,pf,1619915335
mashhad,36.297,59.6062,62.6,67,0,4.61,ir,1619915336
caravelas,-17.7125,-39.2481,73.58,73,75,8.57,br,1619915338
pundaguitan,6.3711,126.1689,81.9,75,84,9.73,ph,1619915339
quatre cocos,-20.2078,57.7625,75.0,94,40,6.93,mu,1619915341
suhbaatar,50.2314,106.2078,37.31,96,100,8.05,mn,1619915342
anloga,5.7947,0.8973,84.2,84,75,9.22,gh,1619915345
bengkulu,-3.8004,102.2655,76.1,86,69,4.12,id,1619915346
carutapera,-1.195,-46.02,75.02,91,32,4.7,br,1619915347
kemijarvi,66.7131,27.4306,17.35,96,71,3.15,fi,1619915350
saint-augustin,51.226,-58.6502,36.66,96,100,10.31,ca,1619915352
talnakh,69.4865,88.3972,15.3,96,53,0.78,ru,1619915353
lagoa,39.05,-27.9833,60.75,88,100,19.98,pt,1619915354
impfondo,1.6381,18.0667,70.75,95,84,2.86,cg,1619915184
monrovia,6.3005,-10.7969,77.0,94,20,11.25,lr,1619915163
kruisfontein,-34.0033,24.7314,53.53,75,0,4.29,za,1619915360
prado,-17.3411,-39.2208,70.56,82,70,8.39,br,1619915111
baiao,-2.7906,-49.6717,73.27,98,93,1.36,br,1619915362
inhambane,-23.865,35.3833,71.13,70,82,14.52,mz,1619915364
port lincoln,-34.7333,135.8667,61.48,71,100,12.37,au,1619915365
vardo,70.3705,31.1107,33.35,68,96,15.43,no,1619915367
saint-philippe,-21.3585,55.7679,73.4,73,0,4.61,re,1619915158
kaeo,-35.1,173.7833,66.99,65,0,5.01,nz,1619915369
tilichiki,60.4667,166.1,23.05,73,9,8.63,ru,1619914994
dikson,73.5069,80.5464,20.93,93,100,7.85,ru,1619915058
umm kaddadah,13.6017,26.6876,82.09,23,69,11.39,sd,1619915374
fort wayne,41.1306,-85.1289,69.8,42,1,5.75,us,1619915376
nikolskoye,59.7035,30.7861,37.4,75,0,2.95,ru,1619915379
ust-nera,64.5667,143.2,36.16,95,100,2.3,ru,1619915380
santiago de cao,-7.9589,-79.2392,64.4,94,75,9.22,pe,1619915381
sarahan,31.5167,77.8,52.09,59,99,7.29,in,1619915383
kavieng,-2.5744,150.7967,84.09,69,33,3.02,pg,1619915384
usinsk,65.9939,57.5281,35.37,74,100,17.85,ru,1619915386
ribeira brava,16.6167,-24.3,69.3,73,26,19.26,cv,1619915387
husavik,66.0449,-17.3389,32.0,86,90,2.3,is,1619915389
dapaong,10.8639,0.205,83.14,56,53,7.52,tg,1619915390
kahului,20.8947,-156.47,82.4,61,40,26.46,us,1619915193
hay river,60.8156,-115.7999,26.6,74,100,9.22,ca,1619915393
guiratinga,-16.3494,-53.7583,69.87,88,17,4.9,br,1619915396
ponta do sol,17.1994,-25.0919,71.6,64,20,23.02,cv,1619915397
salinas,-2.2167,-80.9667,78.8,73,0,9.22,ec,1619915398
gao,16.6362,1.637,87.46,14,0,9.71,ml,1619915400
alekseyevsk,57.8406,108.3492,43.03,79,100,2.06,ru,1619915401
isangel,-19.55,169.2667,80.6,78,90,9.22,vu,1619915229
hirara,24.8,125.2833,78.8,88,40,12.66,jp,1619915257
nanortalik,60.1432,-45.2371,36.01,68,100,14.29,gl,1619915405
quelimane,-17.8786,36.8883,75.2,94,75,10.36,mz,1619915407
imeni stepana razina,54.8932,44.2963,38.5,85,90,3.67,ru,1619915408
saint-francois,16.2526,-61.2741,75.2,88,0,3.44,gp,1619915410
qaanaaq,77.484,-69.3632,28.8,60,76,6.76,gl,1619915411
aklavik,68.2191,-135.0107,26.6,74,90,6.91,ca,1619915413
katangli,51.7102,143.2326,32.23,98,100,21.09,ru,1619915415
pangkalanbuun,-2.6833,111.6167,78.44,89,78,2.66,id,1619915248
pekan,3.4836,103.3996,78.8,89,20,3.44,my,1619915419
novita,4.9551,-76.6053,74.03,97,98,2.35,co,1619915421
nantucket,41.2835,-70.0995,51.8,71,1,9.22,us,1619915422
porto novo,17.0197,-25.0647,71.6,64,20,23.02,cv,1619915424
worland,44.0169,-107.9554,73.0,26,1,20.71,us,1619915425
san policarpo,12.1791,125.5072,81.68,84,59,10.0,ph,1619915426
shimoda,34.6667,138.95,66.99,55,20,18.41,jp,1619915428
maraba,-5.3686,-49.1178,73.31,97,100,1.03,br,1619915429
charlottesville,38.0293,-78.4767,62.6,34,1,8.05,us,1619915190
rakoshyno,48.4671,22.5969,56.3,93,100,5.08,ua,1619915432
dustlik,40.5247,68.0358,62.35,72,4,2.57,uz,1619915433
roma,-26.5833,148.7833,72.28,55,100,13.09,au,1619915435
xuzhou,34.1805,117.1571,60.12,30,100,11.97,cn,1619915436
ambilobe,-13.2,49.05,72.07,95,7,3.15,mg,1619915438
kidal,18.4411,1.4078,87.35,17,0,10.45,ml,1619915439
ayaviri,-14.8864,-70.5889,43.83,44,63,4.54,pe,1619915165
christchurch,-43.5333,172.6333,64.0,44,1,4.61,nz,1619915189
esperance,-33.8667,121.9,55.4,71,0,16.11,au,1619915443
longyearbyen,78.2186,15.6401,17.6,67,20,9.22,sj,1619915445
bobo dioulasso,11.1771,-4.2979,86.0,54,32,3.44,bf,1619915446
naze,28.3667,129.4833,69.8,56,75,5.75,jp,1619915448
zhanaozen,43.3,52.8,59.5,29,99,10.67,kz,1619915450
wuzhou,23.4833,111.3167,82.09,69,100,2.57,cn,1619915452
saint-pierre,46.7654,-56.1695,37.4,93,90,26.46,pm,1619915453
hasaki,35.7333,140.8333,70.0,45,20,13.8,jp,1619915455
mahibadhoo,3.7833,72.9667,83.01,66,18,2.91,mv,1619915456
batagay-alyta,67.8006,130.4114,27.0,85,100,2.39,ru,1619915457
smiltene,57.4244,25.9016,36.0,89,6,1.01,lv,1619915459
zacapa,14.9667,-89.5333,93.2,43,20,11.5,gt,1619915460
vero beach,27.6386,-80.3973,78.8,73,1,8.05,us,1619915404
lebu,-37.6167,-73.65,55.54,94,100,14.81,cl,1619915463
saint george,32.3817,-64.6781,64.4,55,40,9.22,bm,1619915464
flin flon,54.7682,-101.865,48.2,57,40,9.22,ca,1619915467
crib point,-38.35,145.2,71.01,56,100,11.07,au,1619915469
pogradec,40.9025,20.6525,64.62,62,100,5.88,al,1619915470
muros,42.7762,-9.0603,44.01,88,6,6.6,es,1619915471
emerald,-23.5333,148.1667,75.2,57,3,11.5,au,1619915473
narsaq,60.9167,-46.05,44.6,24,20,37.98,gl,1619915474
touros,-5.1989,-35.4608,75.2,94,20,3.44,br,1619915476
chernyshkovskiy,48.4219,42.2308,54.16,86,26,2.37,ru,1619915477
tartus,34.889,35.8866,68.0,68,0,4.61,sy,1619915479
katsuura,35.1333,140.3,68.0,78,11,15.99,jp,1619914998
souillac,-20.5167,57.5167,73.4,94,40,7.07,mu,1619915221
naron,43.5167,-8.1528,42.8,93,0,5.75,es,1619915483
pauini,-7.7136,-66.9764,71.91,97,19,1.43,br,1619915484
orchard homes,46.8633,-114.0484,64.99,29,1,17.27,us,1619915486
landau,49.2075,8.1133,51.01,55,100,1.99,de,1619915487
broken hill,-31.95,141.4333,75.2,41,0,11.5,au,1619915490
shuangyang,43.5242,125.6736,51.8,62,20,2.24,cn,1619915491
itarema,-2.9248,-39.9167,77.38,83,97,4.72,br,1619915493
deputatskiy,69.3,139.9,23.61,91,100,4.68,ru,1619915494
karmaskaly,54.3709,56.1837,51.8,82,90,15.66,ru,1619915495
puerto montt,-41.4698,-72.9447,53.6,94,90,6.91,cl,1619915497
jind,29.3167,76.3167,82.87,30,39,3.51,in,1619915498
hellvik,59.9156,5.781,39.99,81,20,4.0,no,1619915500
ulladulla,-35.35,150.4667,71.01,56,75,4.61,au,1619915501
mier,26.4333,-99.15,86.0,35,1,6.64,mx,1619915504
kjollefjord,70.9457,27.3465,29.14,75,96,12.91,no,1619915505
yingcheng,30.95,113.55,75.2,60,0,8.95,cn,1619915509
langsa,4.4683,97.9683,79.38,82,100,2.84,id,1619915511
port-cartier,50.0334,-66.8654,36.0,60,90,17.27,ca,1619915384
fethiye,36.6217,29.1164,60.8,72,0,6.91,tr,1619915513
tadine,-21.55,167.8833,76.87,71,100,23.26,nc,1619915515
walvis bay,-22.9575,14.5053,59.0,67,7,2.3,na,1619915517
acari,-15.4311,-74.6158,70.14,77,31,3.24,pe,1619915519
butterworth,-32.3308,28.1498,50.18,91,0,4.61,za,1619915520
gorontalo,0.5412,123.0595,82.81,75,94,1.83,id,1619915522
bitung,1.4451,125.1824,80.6,83,20,2.3,id,1619915523
saldanha,-33.0117,17.9442,55.4,67,0,1.14,za,1619915525
grants pass,42.439,-123.3284,72.0,32,1,10.36,us,1619915526
yeppoon,-23.1333,150.7333,75.2,64,75,11.5,au,1619915528
eyl,7.9803,49.8164,82.99,75,33,7.31,so,1619915529
puerto del rosario,28.5004,-13.8627,66.2,68,75,16.11,es,1619915531
hofn,64.2539,-15.2082,35.44,69,100,14.63,is,1619915532
beringovskiy,63.05,179.3167,21.65,77,99,13.06,ru,1619915535
college,64.8569,-147.8028,45.0,39,40,1.05,us,1619915536
half moon bay,37.4636,-122.4286,61.0,82,90,21.85,us,1619915514
whitehorse,60.7161,-135.0538,44.6,49,90,3.78,ca,1619915539
anchorage,61.2181,-149.9003,51.8,25,1,10.36,us,1619915349
severnyy,50.677,36.5532,51.8,62,0,2.24,ru,1619915541
trincomalee,8.5711,81.2335,81.52,79,94,4.74,lk,1619915543
balaipungut,1.05,101.2833,75.2,94,40,2.84,id,1619915544
fazilka,30.4,74.0333,84.54,26,4,1.54,in,1619915546
mersin,36.862,34.6509,66.2,100,0,4.83,tr,1619915547
nemuro,43.3236,145.575,42.8,65,75,11.5,jp,1619915549
grand gaube,-20.0064,57.6608,75.0,90,26,3.0,mu,1619915550
calvia,39.5657,2.5062,55.99,94,20,3.44,es,1619915552
alofi,-19.0595,-169.9187,84.2,79,7,8.05,nu,1619915554
dayong,25.0209,118.2898,71.6,88,90,11.18,cn,1619915556
belaya gora,68.5333,146.4167,29.5,83,92,7.07,ru,1619915557
nabire,-3.3667,135.4833,84.96,67,95,2.35,id,1619915559
nome,64.5011,-165.4064,26.6,74,90,9.22,us,1619915044
williams lake,52.1415,-122.1445,53.6,32,40,9.22,ca,1619915561
coquimbo,-29.9533,-71.3436,57.2,94,0,3.02,cl,1619915563
svelgen,61.7685,5.2955,41.0,70,15,5.75,no,1619915564
harper,4.375,-7.7169,80.29,81,100,6.53,lr,1619915566
bala,44.8839,22.8333,59.92,91,100,1.21,ro,1619915568
taltal,-25.4,-70.4833,64.4,75,13,3.47,cl,1619915420
umiray,15.2206,121.4111,82.9,70,97,5.44,ph,1619915571
suwalki,54.1118,22.9309,41.0,64,100,7.67,pl,1619915573
morehead,-8.7107,141.6367,86.32,61,52,8.77,pg,1619915574
kimbe,-5.5502,150.1429,90.64,53,56,1.28,pg,1619915576
smithers,54.7804,-127.1743,51.8,50,40,18.41,ca,1619915577
male,4.1748,73.5089,82.4,83,20,4.16,mv,1619915579
cap malheureux,-19.9842,57.6142,75.0,90,23,3.0,mu,1619915581
pringsewu,-5.3582,104.9744,78.21,87,72,1.3,id,1619915582
la ronge,55.1001,-105.2842,53.6,46,94,9.22,ca,1619915057
meulaboh,4.1363,96.1285,79.29,85,96,2.91,id,1619915585
coahuayana,18.7333,-103.6833,80.6,50,1,11.5,mx,1619915586
axim,4.8699,-2.2405,81.03,82,99,5.55,gh,1619915588
tyrma,50.0833,132.1667,50.23,54,60,2.39,ru,1619915589
katherine,-14.4667,132.2667,82.4,57,0,9.22,au,1619915591
ponca city,36.707,-97.0856,73.4,64,90,5.75,us,1619915594
quang ngai,15.1167,108.8,85.3,64,69,6.08,vn,1619915538
jiangyou,31.7667,104.7167,73.69,76,95,5.48,cn,1619915596
port macquarie,-31.4333,152.9167,66.0,92,100,3.6,au,1619915461
tuatapere,-46.1333,167.6833,59.0,72,7,5.99,nz,1619915489
strezhevoy,60.7333,77.5889,30.2,86,0,6.71,ru,1619915600
champerico,14.3,-91.9167,75.2,100,90,6.04,gt,1619915602
winfield,37.2398,-96.9956,71.6,68,90,10.36,us,1619915603
burnie,-41.0667,145.9167,66.0,61,100,4.0,au,1619915605
lewisville,33.0462,-96.9942,71.01,78,90,11.5,us,1619915583
baker city,44.7749,-117.8344,64.4,32,1,21.85,us,1619915607
homer,59.6425,-151.5483,48.2,49,1,5.75,us,1619915609
arlit,18.7369,7.3853,84.87,4,0,9.19,ne,1619915496
mackenzie,55.2999,-123.1698,46.4,76,90,11.5,ca,1619915347
paamiut,61.994,-49.6678,37.38,67,44,5.46,gl,1619915615
goroka,-6.0834,145.3873,74.46,63,97,1.36,pg,1619915617
mitsamiouli,-11.3847,43.2844,81.39,75,4,4.97,km,1619915620
nchelenge,-9.3451,28.734,68.65,89,100,4.79,zm,1619915621
pecos,31.4229,-103.4932,78.8,27,1,3.44,us,1619915622
bandar,2.05,99.75,77.88,92,100,2.3,id,1619915624
kaset sombun,16.2805,101.9542,80.56,75,100,2.21,th,1619915625
rundu,-17.9333,19.7667,67.73,70,100,5.86,na,1619915627
tautira,-17.7333,-149.15,87.8,58,20,6.91,pf,1619915628
terrace bay,48.7834,-87.1,44.6,70,45,2.3,ca,1619915630
rodrigues alves,-7.738,-72.6509,78.8,89,0,1.1,br,1619915632
santa isabel do rio negro,-0.4139,-65.0192,73.92,97,100,0.25,br,1619915633
praia,14.9215,-23.5087,71.6,73,40,21.85,cv,1619915636
qui nhon,13.7667,109.2333,82.87,71,98,0.58,vn,1619915637
keuruu,62.2667,24.7,28.4,64,0,4.61,fi,1619915639
umm lajj,25.0213,37.2685,80.42,57,0,8.03,sa,1619915640
kieta,-6.2167,155.6333,85.71,67,100,3.27,pg,1619915642
wittstock,53.1612,12.4829,39.0,94,100,3.65,de,1619915643
sembakung,3.8167,117.25,82.4,83,40,4.61,id,1619915645
sioux lookout,50.1001,-91.917,68.0,32,75,8.05,ca,1619915646
sidi ali,36.0998,0.4206,56.57,60,92,4.65,dz,1619915648
clyde river,70.4692,-68.5914,17.6,100,1,3.44,ca,1619915649
edmond,35.6528,-97.4781,72.0,73,97,11.36,us,1619915400
antsla,57.8256,26.5406,36.0,86,1,6.91,ee,1619915652
meiganga,6.5167,14.3,64.17,92,100,3.02,cm,1619915654
lavrentiya,65.5833,-171.0,23.59,72,66,3.02,ru,1619915655
amga,60.8953,131.9608,44.42,67,12,7.61,ru,1619915657
chik,54.9928,82.4311,32.0,93,0,6.71,ru,1619915658
palencia,42.4167,-4.5,43.0,84,93,4.0,es,1619915660
omsukchan,62.5333,155.8,28.67,83,100,2.95,ru,1619915643
westport,-41.7526,171.6037,57.83,70,24,4.88,nz,1619915662
cartagena,10.3997,-75.5144,84.2,79,40,5.75,co,1619915579
norman wells,65.282,-126.8329,48.2,34,40,12.66,ca,1619915665
vallenar,-28.5708,-70.7581,60.17,62,35,1.14,cl,1619915669
kasempa,-13.4584,25.8338,61.25,97,100,4.47,zm,1619915670
sheboygan,43.7333,-87.9334,80.6,28,1,5.75,us,1619915672
monteagudo,-19.8167,-63.9833,68.0,77,0,2.1,bo,1619915673
samarai,-10.6167,150.6667,81.36,78,18,10.16,pg,1619915676
rolla,37.9514,-91.7713,77.0,40,1,12.66,us,1619915678
taoudenni,22.6783,-3.9836,81.12,46,97,17.0,ml,1619915679
hambantota,6.1241,81.1185,77.0,100,40,1.14,lk,1619915681
buraydah,26.326,43.975,80.6,29,20,10.36,sa,1619915683
kiama,-34.6833,150.8667,69.01,80,100,1.01,au,1619915685
ponta delgada,37.7333,-25.6667,60.8,94,75,14.97,pt,1619915686
petropavlovsk-kamchatskiy,53.0452,158.6483,35.6,93,90,8.95,ru,1619915688
kang,-23.6752,22.7876,52.66,36,0,7.0,bw,1619915689
nelson bay,-32.7167,152.15,73.99,68,100,8.05,au,1619915691
te anau,-45.4167,167.7167,56.05,63,0,1.16,nz,1619915676
ipixuna,-1.7625,-48.8043,77.0,94,75,4.61,br,1619915693
zelenoborsk,61.4669,64.0333,45.5,92,100,8.21,ru,1619915695
aqtobe,50.2797,57.2072,42.8,56,0,11.18,kz,1619915697
laguna,-28.4825,-48.7808,65.89,84,10,11.56,br,1619915698
salalah,17.0151,54.0924,84.2,79,0,3.44,om,1619915505
presidencia roque saenz pena,-26.7852,-60.4388,71.01,82,6,7.99,ar,1619915701
necochea,-38.5473,-58.7368,55.99,80,94,5.99,ar,1619915702
mao,14.1212,15.3103,84.65,10,97,11.14,td,1619915704
fort nelson,58.8053,-122.7002,55.4,38,75,4.61,ca,1619915705
bilibino,68.0546,166.4372,19.92,59,30,3.85,ru,1619915536
willmar,45.1219,-95.0433,86.0,13,1,10.36,us,1619915708
bandarbeyla,9.4942,50.8122,83.07,74,28,7.27,so,1619915710
vostok,46.4856,135.8833,42.94,54,100,10.65,ru,1619915711
cehegin,38.0924,-1.7985,62.01,62,99,4.03,es,1619915705
tongzi,28.7829,105.0877,79.14,65,61,4.85,cn,1619915714
severo-kurilsk,50.6789,156.125,35.51,97,100,23.17,ru,1619915715
fortuna,40.5982,-124.1573,55.99,82,90,13.8,us,1619915523
guerrero negro,27.9769,-114.0611,65.68,68,81,20.47,mx,1619915719
kuopio,62.8924,27.677,28.4,54,0,6.91,fi,1619915721
zhangye,38.9342,100.4517,63.54,31,100,8.77,cn,1619915722
berlevag,70.8578,29.0864,31.15,69,99,13.11,no,1619915724
bunol,39.4167,-0.7833,57.99,88,20,3.44,es,1619915725
lismore,-28.8135,153.2773,69.8,73,26,2.3,au,1619915727
sembe,1.6481,14.5806,70.43,95,100,1.72,cg,1619915728
kasongo,-4.45,26.6667,67.86,98,100,2.33,cd,1619915731
komsomolskiy,43.9783,46.6985,56.07,73,65,0.56,ru,1619915732
ocean city,39.2776,-74.5746,62.6,20,1,8.05,us,1619915488
peniche,39.3558,-9.3811,55.0,76,16,11.79,pt,1619915736
hun,29.1268,15.9477,83.1,5,81,8.25,ly,1619915738
denpasar,-8.65,115.2167,80.6,89,20,2.3,id,1619915553
los llanos de aridane,28.6585,-17.9182,68.0,60,75,11.5,es,1619915742
cherskiy,68.75,161.3,21.43,75,22,1.48,ru,1619915743
sitka,57.0531,-135.33,46.4,71,40,9.22,us,1619915745
belmonte,-15.8631,-38.8828,69.8,88,75,4.61,br,1619915746
kawalu,-7.3817,108.2082,78.48,81,40,1.45,id,1619915748
ugoofaaru,5.6667,73.0,83.3,72,7,4.34,mv,1619915749
chinhoyi,-17.3667,30.2,61.38,87,97,8.52,zw,1619915751
suket,24.65,76.0333,86.29,29,99,5.7,in,1619915752
bamenda,5.9527,10.1582,64.71,93,100,4.43,cm,1619915753
guaruja,-23.9931,-46.2564,73.99,26,100,5.77,br,1619915580
suez,29.9737,32.5263,73.53,36,0,9.15,eg,1619915756
varadero,23.1536,-81.2514,80.6,65,75,6.91,cu,1619915758
zhob,31.3411,69.4481,69.75,44,35,5.46,pk,1619915759
huainan,32.6264,116.9969,62.8,30,70,17.34,cn,1619915761
oneonta,42.4529,-75.0638,46.0,53,89,3.0,us,1619915762
kauhajoki,62.4333,22.1833,30.99,80,0,1.14,fi,1619915763
tsogni,-2.7942,10.0988,76.6,92,35,4.21,ga,1619915765
kropotkin,45.4375,40.5756,57.0,88,11,4.0,ru,1619915767
rio do sul,-27.2142,-49.6431,66.99,93,98,2.3,br,1619915768
vestmanna,62.1564,-7.1664,35.6,80,90,1.14,fo,1619915770
namibe,-15.1961,12.1522,76.55,79,1,5.3,ao,1619915771
east stroudsburg,40.9995,-75.1813,55.4,24,1,6.91,us,1619915773
bathsheba,13.2167,-59.5167,78.8,65,20,12.66,bb,1619915774
minas,-34.3759,-55.2377,64.0,88,0,5.75,uy,1619915775
den helder,52.9599,4.7593,44.01,81,75,6.91,nl,1619915777
gornopravdinsk,60.05,69.9,47.01,57,100,13.29,ru,1619915778
northam,-31.6667,116.6667,50.0,81,0,3.44,au,1619915780
ishigaki,24.3448,124.1572,78.8,83,40,6.91,jp,1619915781
port hardy,50.6996,-127.4199,51.8,66,40,12.66,ca,1619915783
dunedin,-45.8742,170.5036,61.25,53,7,10.58,nz,1619915556
brae,60.3964,-1.353,39.2,81,40,8.05,gb,1619915786
vuktyl,63.8567,57.3094,33.39,86,96,10.4,ru,1619915787
sorland,67.667,12.6934,35.91,59,100,10.76,no,1619915789
kiruna,67.8557,20.2251,21.2,86,75,3.44,se,1619915790
chabahar,25.2919,60.643,81.63,74,36,2.28,ir,1619915792
mayo,63.5927,-135.8998,48.2,43,75,10.36,ca,1619915793
jacksonville,30.3322,-81.6556,75.99,64,40,9.22,us,1619915657
prince george,53.9166,-122.753,55.4,44,20,11.5,ca,1619915661
tipitapa,12.1973,-86.0971,89.6,48,40,9.22,ni,1619915797
mitu,1.1983,-70.1733,70.86,98,55,1.57,co,1619915600
itagi,-14.1628,-40.0061,67.01,92,70,2.1,br,1619915800
flinders,-34.5833,150.8552,68.0,80,100,1.01,au,1619915801
mokhsogollokh,61.4681,128.9203,40.06,79,97,5.17,ru,1619915803
dingle,52.1408,-10.2689,43.84,71,7,4.14,ie,1619915806
terney,45.0503,136.6092,44.04,74,100,7.78,ru,1619915807
stepnyak,52.8339,70.7803,42.89,49,51,11.9,kz,1619915809
kuching,1.55,110.3333,77.0,94,20,1.9,my,1619915810
qaqortoq,60.7167,-46.0333,44.6,24,20,37.98,gl,1619915812
labuhan,-6.8844,112.2051,81.72,79,80,8.5,id,1619915813
kholtoson,50.2981,103.3097,33.35,97,100,4.59,ru,1619915814
turayf,31.6725,38.6637,64.4,48,0,13.8,sa,1619915816
rocha,-34.4833,-54.3333,58.8,92,0,5.32,uy,1619915817
longhua,23.6137,114.1919,82.99,60,100,1.36,cn,1619915819
aitape,-3.1374,142.3475,85.73,66,88,4.07,pg,1619915821
jacareacanga,-6.2222,-57.7528,73.2,97,33,2.13,br,1619915822
chumphon,10.3333,98.8333,86.0,100,20,3.44,th,1619915825
castrillon,43.3979,-6.7922,48.2,81,75,2.3,es,1619915826
borovsk,55.2064,36.4861,42.8,52,0,6.71,ru,1619915828
maralal,1.0968,36.698,58.69,83,14,4.92,ke,1619915832
prachuap khiri khan,12.2167,99.75,86.0,94,20,1.57,th,1619915833
remedios,8.226,-81.8322,80.6,78,40,2.3,pa,1619915835
reftinskiy,57.0901,61.6769,48.2,57,0,6.71,ru,1619915836
wilmington,34.2257,-77.9447,62.6,48,1,6.91,us,1619915723
sidney,40.2842,-84.1555,66.2,37,1,13.8,us,1619915840
boyolangu,-8.1181,111.8935,81.1,76,15,1.28,id,1619915841
zhigansk,66.7697,123.3711,33.06,97,100,6.22,ru,1619915843
abha,18.2164,42.5053,64.4,45,0,1.16,sa,1619915844
edd,13.9297,41.6925,82.22,70,100,12.08,er,1619915846
billerbeck,51.9667,7.3,44.01,85,99,7.11,de,1619915847
henties bay,-22.116,14.2845,66.99,60,97,2.51,na,1619915849
kuah,6.3265,99.8432,80.6,94,20,7.14,my,1619915852
itaqui,-29.1253,-56.5531,65.89,64,0,6.87,br,1619915644
yarada,17.65,83.2667,81.5,80,0,8.57,in,1619915855
pingliang,35.5392,106.6861,58.19,74,100,3.94,cn,1619915856
bud,62.9088,6.9145,35.6,75,18,5.75,no,1619915859
noumea,-22.2763,166.4572,80.6,61,75,3.44,nc,1619915860
benghazi,32.1167,20.0667,81.82,26,90,13.89,ly,1619915862
shingu,33.7333,135.9833,59.0,55,75,12.66,jp,1619915863
samaro,25.2815,69.3965,83.03,43,74,8.28,pk,1619915866
dolinsk,47.35,142.8,35.6,87,75,22.37,ru,1619915867
demba,-5.51,22.2667,66.24,97,100,2.08,cd,1619915869
batemans bay,-35.7167,150.1833,72.0,73,100,4.59,au,1619915870
ola,59.5833,151.2833,37.18,57,62,5.73,ru,1619915872
ust-kuyga,70.0167,135.6,31.42,89,19,4.14,ru,1619915873
rafai,4.95,23.9167,69.4,97,98,1.86,cf,1619915874
todos santos,23.45,-110.2167,72.0,76,0,1.99,mx,1619915876
palmer,42.1584,-72.3287,54.0,26,40,10.36,us,1619915879
diamantino,-14.4086,-56.4461,73.06,86,74,4.7,br,1619915880
goianesia,-15.3175,-49.1175,67.64,81,100,3.56,br,1619915882
sinnamary,5.3833,-52.95,77.74,88,54,8.57,gf,1619915883
dali,25.7,100.1833,65.55,59,12,4.18,cn,1619915884
oranjemund,-28.55,16.4333,71.47,31,0,19.06,na,1619915886
sur,22.5667,59.5289,81.97,53,20,11.25,om,1619915890
liverpool,44.0335,-64.7155,50.0,62,10,6.91,ca,1619915891
neuquen,-38.9516,-68.0591,57.2,72,90,6.91,ar,1619915893
richards bay,-28.783,32.0377,61.14,87,41,4.97,za,1619915894
ciudad guayana,8.3533,-62.6528,79.0,87,96,1.99,ve,1619915897
salinopolis,-0.6136,-47.3561,78.4,82,88,6.44,br,1619915898
ashland,40.8167,-82.2665,64.4,34,20,19.57,us,1619915859
fos-sur-mer,43.4377,4.9446,53.6,87,0,10.36,fr,1619915902
cairns,-16.9167,145.7667,82.99,65,40,13.8,au,1619915903
monte azul,-15.155,-42.8747,67.96,69,100,7.0,br,1619915905
carlagan,14.975,122.0456,82.78,69,38,6.38,ph,1619915906
tignere,7.3667,12.65,66.69,90,100,4.97,cm,1619915908
weihe,32.9952,105.3247,67.89,78,100,2.82,cn,1619915909
gwadar,25.1216,62.3254,81.54,72,8,7.4,pk,1619915911
el alto,-4.2714,-81.2147,73.4,78,40,14.97,pe,1619915912
cajamarca,-7.1638,-78.5003,52.95,95,79,1.99,pe,1619915914
jiuquan,39.7432,98.5174,57.76,40,100,13.89,cn,1619915891
rajmahal,25.05,87.8333,83.84,58,0,7.81,in,1619915916
seybaplaya,19.65,-90.6667,84.2,84,20,17.27,mx,1619915918
santa helena de goias,-17.8136,-50.5969,69.4,72,99,3.27,br,1619915919
nalut,30.3333,10.85,76.19,31,100,16.15,ly,1619915768
dzilam gonzalez,21.2833,-88.9333,81.14,67,33,9.53,mx,1619915922
rio cuarto,-33.1307,-64.3499,62.6,63,0,2.3,ar,1619915756
emba,48.8264,58.1442,50.72,34,8,8.48,kz,1619915925
cunha,-23.0744,-44.9597,54.82,96,100,1.66,br,1619915927
sault sainte marie,46.5168,-84.3333,57.2,44,1,8.05,ca,1619915861
pinotepa de don luis,16.4167,-97.9167,78.46,64,5,4.76,mx,1619915929
muzhi,65.3667,64.6667,34.88,98,100,10.0,ru,1619915931
port hedland,-20.3167,118.5667,77.0,100,40,4.61,au,1619915903
pocone,-16.2567,-56.6228,77.29,66,31,5.57,br,1619915934
nador,35.174,-2.9287,60.8,48,0,8.05,ma,1619915768
plettenberg bay,-34.0527,23.3716,58.35,63,0,2.95,za,1619915936
hovd,48.0056,91.6419,42.15,23,13,11.03,mn,1619915938
kantang,7.4054,99.5156,77.0,100,20,2.64,th,1619915940
rio bueno,-40.3167,-72.9667,53.6,97,90,3.44,cl,1619915825
makakilo city,21.3469,-158.0858,84.2,54,75,14.97,us,1619915942
olinda,-8.0089,-34.8553,73.4,83,40,4.61,br,1619915944
san juan de la maguana,18.8059,-71.2299,77.0,94,40,13.8,do,1619915945
amapa,1.0,-52.0,72.14,99,100,1.9,br,1619915947
